step,rg2
50000,1705.414646
100000,1904.010590
150000,2057.954402
200000,2174.091645
250000,2211.697879
300000,2267.097800
350000,2386.630100
400000,2398.877220
450000,2441.233558
500000,2477.257593
550000,2587.430295
600000,2653.575090
650000,2680.005776
700000,2737.690071
750000,2746.543751
800000,2771.101759
850000,2738.615434
900000,2751.617263
950000,2802.064498
1000000,2820.375010
1050000,2885.234095
1100000,2954.724547
1150000,2957.120291
1200000,2973.812994
1250000,3007.905179
1300000,3093.783577
1350000,3076.523705
1400000,3147.237414
1450000,3127.570115
1500000,3183.443811
1550000,3254.730968
1600000,3335.557006
1650000,3321.778206
1700000,3419.247164
1750000,3392.062509
1800000,3479.783196
1850000,3475.124143
1900000,3477.825445
1950000,3465.464741
2000000,3489.413869
2050000,3551.121659
2100000,3570.715181
2150000,3599.173226
2200000,3618.781325
2250000,3717.862118
2300000,3711.522380
2350000,3731.498891
2400000,3754.820197
2450000,3782.617164
2500000,3751.551578
2550000,3770.857626
2600000,3772.741394
2650000,3792.776649
2700000,3742.497463
2750000,3870.718211
2800000,3854.586432
2850000,3888.634026
2900000,3881.966946
2950000,3889.805288
3000000,3980.466231
3050000,4008.382379
3100000,3947.703597
3150000,4001.019072
3200000,4025.889221
3250000,4079.776352
3300000,4119.500290
3350000,4192.446090
3400000,4133.328977
3450000,4202.740777
3500000,4194.117012
3550000,4146.222688
3600000,4218.649314
3650000,4104.949372
3700000,4109.617989
3750000,4195.158659
3800000,4263.536276
3850000,4222.505083
3900000,4185.305577
3950000,4219.726369
4000000,4222.216878
4050000,4171.873700
4100000,4235.957803
4150000,4174.139362
4200000,4248.103158
4250000,4226.388546
4300000,4208.682007
4350000,4218.377585
4400000,4156.629955
4450000,4186.192279
4500000,4223.026466
4550000,4172.719298
4600000,4138.699437
4650000,4261.275740
4700000,4171.151746
4750000,4172.294708
4800000,4169.459466
4850000,4174.447644
4900000,4227.416623
4950000,4214.542463
5000000,4215.866025
5050000,4210.075483
5100000,4256.064269
5150000,4331.175509
5200000,4348.472153
5250000,4276.425353
5300000,4362.944727
5350000,4293.842631
5400000,4258.324860
5450000,4186.547949
5500000,4214.337182
5550000,4171.182131
5600000,4266.157841
5650000,4323.457823
5700000,4217.140143
5750000,4251.225553
5800000,4212.082055
5850000,4187.585721
5900000,4270.710116
5950000,4302.636146
6000000,4213.080105
6050000,4272.329072
6100000,4388.951740
6150000,4317.503092
6200000,4425.658886
6250000,4402.262456
6300000,4506.678593
6350000,4472.507048
6400000,4514.490062
6450000,4613.793931
6500000,4628.490526
6550000,4678.816194
6600000,4607.366022
6650000,4626.774374
6700000,4534.128325
6750000,4515.599649
6800000,4464.648248
6850000,4491.152166
6900000,4634.486515
6950000,4677.719421
7000000,4693.671527
7050000,4743.437496
7100000,4718.819390
7150000,4724.564620
7200000,4646.071833
7250000,4616.163273
7300000,4640.281331
7350000,4542.319342
7400000,4539.669467
7450000,4570.260553
7500000,4735.594991
7550000,4703.372816
7600000,4639.230292
7650000,4681.160798
7700000,4709.619745
7750000,4701.417085
7800000,4735.996945
7850000,4697.536111
7900000,4758.984609
7950000,4658.041718
8000000,4775.902260
8050000,4852.190371
8100000,4817.141679
8150000,4773.177583
8200000,4869.658563
8250000,4865.845431
8300000,4813.899713
8350000,4823.290555
8400000,4818.903379
8450000,4921.698496
8500000,4941.786585
8550000,5006.432982
8600000,4996.234483
8650000,5048.014944
8700000,4999.921007
8750000,5155.910926
8800000,5191.235517
8850000,5136.884971
8900000,5083.019996
8950000,5105.053184
9000000,5087.068794
9050000,5081.193577
9100000,5195.250785
9150000,5106.713524
9200000,5105.289671
9250000,5011.680303
9300000,5022.728610
9350000,4939.005092
9400000,5038.545469
9450000,5074.843967
9500000,5002.095866
9550000,5085.657164
9600000,5059.314577
9650000,5016.265177
9700000,5078.987784
9750000,5156.134783
9800000,4976.558150
9850000,5009.165073
9900000,5005.096019
9950000,4960.918338
10000000,5063.589351
10050000,4983.635879
10100000,4880.609440
10150000,4903.739322
10200000,4977.532434
10250000,5042.022329
10300000,5103.775097
10350000,5038.025130
10400000,4934.991628
10450000,4833.823943
10500000,4805.868195
10550000,4832.389275
10600000,4774.605994
10650000,4858.483159
10700000,4872.977041
10750000,5025.524540
10800000,4992.433404
10850000,4976.129638
10900000,4958.904082
10950000,5004.118974
11000000,5033.305126
11050000,4989.778130
11100000,5067.038835
11150000,5185.019601
11200000,5022.223411
11250000,5004.208099
11300000,4900.182190
11350000,4909.802793
11400000,5002.164258
11450000,5073.039478
11500000,4965.095599
11550000,4988.436555
11600000,4895.340517
11650000,4867.572882
11700000,5056.529979
11750000,5107.499040
11800000,5193.730334
11850000,5315.093193
11900000,5266.571618
11950000,5262.161543
12000000,5291.978683
12050000,5402.402404
12100000,5337.363293
12150000,5425.178147
12200000,5493.345431
12250000,5419.712606
12300000,5336.530429
12350000,5318.311612
12400000,5375.234040
12450000,5378.829935
12500000,5376.899365
12550000,5445.097408
12600000,5352.084214
12650000,5378.874448
12700000,5317.211271
12750000,5228.533467
12800000,5079.474166
12850000,5201.433158
12900000,5087.841726
12950000,5045.723428
13000000,5071.411265
13050000,5112.191424
13100000,5078.449517
13150000,5010.718204
13200000,5005.728142
13250000,4932.863073
13300000,4978.531653
13350000,4992.449400
13400000,4952.697954
13450000,4969.992863
13500000,5004.909113
13550000,4854.096201
13600000,4777.547983
13650000,4834.924403
13700000,4919.594107
13750000,4982.334131
13800000,5009.535547
13850000,4996.651060
13900000,5036.136560
13950000,5092.979498
14000000,5058.674475
14050000,5057.823540
14100000,5054.266621
14150000,5120.816097
14200000,5214.361160
14250000,5360.521275
14300000,5252.702966
14350000,5301.698795
14400000,5109.063298
14450000,5257.488424
14500000,5221.305268
14550000,5238.086555
14600000,5259.177390
14650000,5293.169347
14700000,5328.642738
14750000,5346.714771
14800000,5318.013031
14850000,5342.247130
14900000,5409.128306
14950000,5378.528952
15000000,5476.178932
15050000,5371.954544
15100000,5356.544867
15150000,5345.900306
15200000,5392.210059
15250000,5235.482534
15300000,5244.837316
15350000,5230.097732
15400000,5316.121031
15450000,5297.469119
15500000,5364.389632
15550000,5521.788415
15600000,5607.562193
15650000,5636.870392
15700000,5667.016693
15750000,5689.445930
15800000,5604.270725
15850000,5485.165631
15900000,5557.736641
15950000,5566.750007
16000000,5687.959756
16050000,5742.109577
16100000,5736.347148
16150000,5801.387169
16200000,5805.733544
16250000,5764.475508
16300000,5629.580028
16350000,5560.170465
16400000,5529.776453
16450000,5438.544338
16500000,5830.455583
16550000,5803.312210
16600000,5997.594904
16650000,5972.929776
16700000,5864.249601
16750000,5928.850344
16800000,5967.404424
16850000,5803.188783
16900000,5807.086670
16950000,5721.153995
17000000,5832.185400
17050000,5820.825481
17100000,5666.123296
17150000,5562.930231
17200000,5797.645092
17250000,5683.096431
17300000,5636.719118
17350000,5703.359144
17400000,5561.400077
17450000,5474.965776
17500000,5481.708121
17550000,5537.607961
17600000,5573.987698
17650000,5470.575250
17700000,5626.525624
17750000,5564.961116
17800000,5744.356677
17850000,5648.809953
17900000,5436.058628
17950000,5461.730526
18000000,5460.124346
18050000,5496.641281
18100000,5525.805931
18150000,5433.662605
18200000,5352.394832
18250000,5369.407747
18300000,5284.167910
18350000,5339.138935
18400000,5263.154397
18450000,5284.741925
18500000,5297.146266
18550000,5383.305030
18600000,5399.541210
18650000,5562.887469
18700000,5400.209059
18750000,5356.539611
18800000,5354.518873
18850000,5410.342263
18900000,5569.277241
18950000,5610.894879
19000000,5766.079926
19050000,5699.138983
19100000,5759.374227
19150000,5923.256319
19200000,6057.047125
19250000,6042.270840
19300000,6019.942277
19350000,5881.310700
19400000,5893.820447
19450000,6051.668337
19500000,5946.516350
19550000,6025.109411
19600000,6082.630154
19650000,6073.946674
19700000,6178.224370
19750000,6069.959946
19800000,6048.250633
19850000,6065.724253
19900000,6002.730213
19950000,5996.688098
20000000,5877.431780
20050000,5805.271876
20100000,5794.546339
20150000,5886.827282
20200000,5779.511867
20250000,5892.871128
20300000,6036.040823
20350000,6012.878889
20400000,6077.894468
20450000,6026.025204
20500000,6009.867647
20550000,5924.422150
20600000,5857.250340
20650000,5944.001383
20700000,5842.527561
20750000,5946.781277
20800000,5947.187996
20850000,5914.371887
20900000,6316.494786
20950000,6195.155073
21000000,6206.914540
21050000,6176.696449
21100000,6222.471254
21150000,6117.654087
21200000,6057.615693
21250000,6130.478555
21300000,6198.882672
21350000,6108.720263
21400000,6280.650938
21450000,6331.998042
21500000,6127.482768
21550000,6161.894571
21600000,6073.380567
21650000,6226.441821
21700000,6246.646122
21750000,6206.971503
21800000,6305.549234
21850000,6204.601065
21900000,6266.220188
21950000,6271.951270
22000000,6331.973285
22050000,6427.361044
22100000,6479.521202
22150000,6462.873171
22200000,6413.883550
22250000,6288.433305
22300000,6430.024152
22350000,6370.471432
22400000,6705.388421
22450000,6524.832491
22500000,6398.602967
22550000,6305.653705
22600000,6231.556640
22650000,6241.618400
22700000,6196.420140
22750000,5962.191888
22800000,6014.568175
22850000,6065.755655
22900000,5992.654828
22950000,5991.244443
23000000,5930.775730
23050000,6121.759354
23100000,6106.294477
23150000,6109.642953
23200000,6324.775560
23250000,6329.757087
23300000,6436.627910
23350000,6312.476824
23400000,6321.677258
23450000,6296.334103
23500000,6317.864545
23550000,6281.519448
23600000,6290.524598
23650000,6255.438580
23700000,6199.425995
23750000,6187.613189
23800000,6204.541686
23850000,6173.692140
23900000,6193.807321
23950000,6212.444446
24000000,6250.857084
24050000,6174.721877
24100000,6153.585378
24150000,6241.406040
24200000,6287.758328
24250000,6320.987776
24300000,6298.359500
24350000,6416.083674
24400000,6321.318244
24450000,6276.765701
24500000,6409.874371
24550000,6333.234077
24600000,6234.955820
24650000,6090.019496
24700000,6133.602396
24750000,6278.704561
24800000,6200.183252
24850000,6304.020485
24900000,6287.274541
24950000,6272.345172
25000000,6300.578086
25050000,6306.925943
25100000,6249.164548
25150000,6226.771062
25200000,6127.454324
25250000,6277.330186
25300000,6278.565732
25350000,6202.531701
25400000,6258.850922
25450000,6118.056077
25500000,6131.915830
25550000,6159.544524
25600000,6266.172351
25650000,6268.056217
25700000,6265.258837
25750000,6222.899215
25800000,6286.133738
25850000,6201.736798
25900000,6287.864605
25950000,6176.167823
26000000,6312.563359
26050000,6444.219004
26100000,6301.898109
26150000,6355.549219
26200000,6278.324041
26250000,6405.433516
26300000,6533.809590
26350000,6578.218285
26400000,6601.775639
26450000,6472.858379
26500000,6567.887369
26550000,6517.266503
26600000,6516.767682
26650000,6427.827558
26700000,6450.742035
26750000,6473.562421
26800000,6654.370764
26850000,6750.027067
26900000,6732.864211
26950000,6591.312325
27000000,6662.814360
27050000,6750.485606
27100000,6775.027634
27150000,6853.672203
27200000,6794.135797
27250000,6721.925585
27300000,6857.362386
27350000,6829.913216
27400000,6913.373361
27450000,6941.090990
27500000,6943.806709
27550000,7003.936108
27600000,6897.497457
27650000,6867.174121
27700000,6874.407163
27750000,7027.335209
27800000,6846.357176
27850000,6837.503288
27900000,6944.390185
27950000,6858.683547
28000000,6880.853682
28050000,6965.861190
28100000,6922.885805
28150000,6977.391728
28200000,6993.875333
28250000,6913.647376
28300000,6943.836570
28350000,6924.608715
28400000,6847.329612
28450000,6860.576676
28500000,6868.593868
28550000,6956.025564
28600000,7085.664640
28650000,6907.995099
28700000,6938.654857
28750000,7017.910273
28800000,7024.229096
28850000,7049.983012
28900000,7180.509041
28950000,7033.327326
29000000,7135.910771
29050000,7149.795107
29100000,7143.970011
29150000,7213.322914
29200000,7332.871424
29250000,7288.542569
29300000,7199.263105
29350000,7188.376402
29400000,7327.909981
29450000,7227.841004
29500000,7203.673866
29550000,7277.099673
29600000,7137.369674
29650000,7214.525483
29700000,7290.549503
29750000,7009.742544
29800000,7079.051025
29850000,6920.582517
29900000,6914.400830
29950000,6896.818784
30000000,6812.809677
30050000,6897.441808
30100000,7033.752167
30150000,7059.105452
30200000,7177.331671
30250000,7279.032122
30300000,7120.955212
30350000,7113.435704
30400000,6961.261496
30450000,6985.971948
30500000,6919.594363
30550000,6904.416136
30600000,6965.397997
30650000,6924.598034
30700000,7090.961603
30750000,7039.616276
30800000,7038.961666
30850000,7070.896573
30900000,6999.445945
30950000,6928.834451
31000000,6919.684853
31050000,6940.904019
31100000,6924.643870
31150000,6685.405511
31200000,6702.979222
31250000,6797.455312
31300000,6768.275231
31350000,6731.254933
31400000,6998.036380
31450000,6924.681332
31500000,7017.930156
31550000,6985.882177
31600000,6898.469542
31650000,6848.861707
31700000,6997.138883
31750000,7060.485572
31800000,7018.577213
31850000,6987.553341
31900000,6972.896078
31950000,6933.349142
32000000,6909.935484
32050000,6933.441509
32100000,6925.632936
32150000,7018.368555
32200000,6955.906396
32250000,7003.387655
32300000,6817.987197
32350000,6873.194950
32400000,6718.045950
32450000,6797.011978
32500000,6808.309395
32550000,6638.021455
32600000,6601.096218
32650000,6771.815633
32700000,6832.274215
32750000,6777.606437
32800000,6832.861938
32850000,6772.210937
32900000,6936.533390
32950000,7078.369700
33000000,7132.224082
33050000,6906.189707
33100000,7129.987735
33150000,7144.192921
33200000,7231.748819
33250000,7187.196272
33300000,6969.395667
33350000,7007.648249
33400000,7104.603366
33450000,7088.713764
33500000,7130.217558
33550000,7038.945942
33600000,6874.433828
33650000,7005.434850
33700000,7004.181757
33750000,7018.169360
33800000,7041.415288
33850000,6819.675911
33900000,6797.248434
33950000,6817.197511
34000000,6807.035100
34050000,6621.074663
34100000,6809.886118
34150000,6684.647219
34200000,6651.658047
34250000,6839.035398
34300000,6871.243707
34350000,6834.170880
34400000,6784.222994
34450000,6765.687636
34500000,6862.010853
34550000,6751.890297
34600000,6847.836539
34650000,6757.865305
34700000,6832.763685
34750000,6835.347134
34800000,7017.896722
34850000,7026.127074
34900000,7225.047760
34950000,7183.472187
35000000,7330.137602
35050000,7532.236839
35100000,7488.099301
35150000,7340.051834
35200000,7269.323995
35250000,7283.196785
35300000,7374.729434
35350000,7338.516711
35400000,7202.703690
35450000,7405.819911
35500000,7363.594043
35550000,7447.174691
35600000,7247.505371
35650000,7442.684925
35700000,7474.150860
35750000,7435.526105
35800000,7285.278468
35850000,7199.981224
35900000,7254.567131
35950000,7384.544496
36000000,7344.943281
36050000,7257.531000
36100000,7070.680200
36150000,7182.804431
36200000,7292.745519
36250000,7156.368254
36300000,7085.612672
36350000,7080.974243
36400000,6914.839452
36450000,6993.555700
36500000,6917.497417
36550000,7009.091214
36600000,7120.808776
36650000,7180.804981
36700000,7007.572334
36750000,7296.944393
36800000,7452.080870
36850000,7271.039322
36900000,7430.129631
36950000,7397.904945
37000000,7420.879922
37050000,7491.551255
37100000,7398.305058
37150000,7273.622171
37200000,7276.548948
37250000,7444.361661
37300000,7281.410941
37350000,7272.994145
37400000,7152.494751
37450000,7440.531277
37500000,7318.138141
37550000,7282.015478
37600000,7155.469621
37650000,6983.748137
37700000,7104.246206
37750000,7054.761489
37800000,7173.274473
37850000,6986.546442
37900000,7179.138892
37950000,7342.643878
38000000,7381.317484
38050000,7248.189391
38100000,7032.605862
38150000,7099.246112
38200000,7398.298185
38250000,7215.574588
38300000,7253.677171
38350000,7257.270857
38400000,7168.655631
38450000,7034.021004
38500000,7194.365448
38550000,7036.095792
38600000,7143.385513
38650000,7015.453089
38700000,7025.595806
38750000,7021.901516
38800000,6831.464280
38850000,6845.263809
38900000,7075.536262
38950000,6973.779237
39000000,7039.567110
39050000,7104.278458
39100000,7020.690837
39150000,7258.766565
39200000,7193.534713
39250000,7181.341732
39300000,7083.685538
39350000,7002.557583
39400000,7002.261982
39450000,6910.712185
39500000,7048.497169
39550000,7065.220468
39600000,7026.696953
39650000,6857.304961
39700000,6799.374783
39750000,6740.156112
39800000,6653.421929
39850000,6811.328848
39900000,6797.366932
39950000,6997.149185
40000000,6970.168590
40050000,6955.992593
40100000,6925.532968
40150000,7079.753726
40200000,7050.533547
40250000,7087.463525
40300000,7085.737642
40350000,7005.991569
40400000,7118.783245
40450000,7070.905756
40500000,7000.534384
40550000,7147.172464
40600000,7409.466579
40650000,7376.153651
40700000,7647.861233
40750000,7550.017867
40800000,7549.801510
40850000,7552.007311
40900000,7661.506389
40950000,7772.242672
41000000,7626.731191
41050000,7437.650385
41100000,7562.139412
41150000,7444.159528
41200000,7532.227433
41250000,7655.093129
41300000,7460.625192
41350000,7515.831924
41400000,7514.068570
41450000,7415.592242
41500000,7312.764511
41550000,7413.285335
41600000,7274.471635
41650000,7264.494472
41700000,7479.665276
41750000,7329.238230
41800000,7491.638409
41850000,7538.533487
41900000,7501.565728
41950000,7431.044147
42000000,7529.090924
42050000,7336.451403
42100000,7332.528129
42150000,7464.248526
42200000,7414.410933
42250000,7434.898950
42300000,7334.635878
42350000,7216.496771
42400000,7045.621145
42450000,7096.108277
42500000,7090.918435
42550000,6903.806863
42600000,6947.804143
42650000,7143.359399
42700000,7203.260468
42750000,7117.408225
42800000,6981.624902
42850000,7059.577537
42900000,7056.936458
42950000,7105.750597
43000000,7062.112035
43050000,7092.724511
43100000,7080.257805
43150000,7023.955072
43200000,7041.091387
43250000,7047.517879
43300000,6954.397661
43350000,7051.970411
43400000,7038.916970
43450000,6996.427061
43500000,7089.772026
43550000,7133.286216
43600000,7360.543559
43650000,7307.155422
43700000,7164.330003
43750000,7160.926994
43800000,7095.463882
43850000,7074.631915
43900000,7079.986151
43950000,7068.757046
44000000,7062.341619
44050000,6948.273089
44100000,7043.602542
44150000,7105.016213
44200000,7087.192197
44250000,7051.836033
44300000,6972.408870
44350000,6888.330820
44400000,6802.943454
44450000,6980.144748
44500000,6888.190766
44550000,6914.725565
44600000,6817.876917
44650000,6940.067439
44700000,6778.006871
44750000,6932.301052
44800000,6885.615681
44850000,6806.027811
44900000,6883.891855
44950000,6726.182154
45000000,6712.359457
45050000,6647.898114
45100000,6514.497437
45150000,6604.045371
45200000,6362.480762
45250000,6497.947042
45300000,6609.261305
45350000,6500.433985
45400000,6574.204852
45450000,6431.320601
45500000,6578.159052
45550000,6570.075580
45600000,6577.773205
45650000,6536.318481
45700000,6432.703318
45750000,6461.977998
45800000,6440.375544
45850000,6532.979935
45900000,6490.002799
45950000,6418.549149
46000000,6456.486989
46050000,6483.976153
46100000,6424.681369
46150000,6415.010816
46200000,6470.178598
46250000,6627.246405
46300000,6542.168992
46350000,6417.013740
46400000,6449.965807
46450000,6463.902057
46500000,6556.419670
46550000,6394.168544
46600000,6589.285149
46650000,6523.255276
46700000,6613.819202
46750000,6792.026062
46800000,6840.349063
46850000,6982.522893
46900000,6923.663666
46950000,6881.140596
47000000,6927.704350
47050000,6996.673595
47100000,7013.108529
47150000,7089.907602
47200000,6961.078193
47250000,7015.157520
47300000,7004.523026
47350000,6975.856580
47400000,7047.700062
47450000,7171.994852
47500000,7336.865864
47550000,7366.831501
47600000,7342.201647
47650000,7334.860860
47700000,7392.691210
47750000,7256.677881
47800000,7302.912317
47850000,7126.611756
47900000,7126.700921
47950000,7108.534759
48000000,7079.474846
48050000,7081.598304
48100000,6861.472195
48150000,6847.295861
48200000,6983.919677
48250000,6937.491473
48300000,6868.397541
48350000,6919.806625
48400000,7001.996717
48450000,7139.371637
48500000,7070.966729
48550000,7052.944688
48600000,7143.269355
48650000,7151.811450
48700000,7037.904006
48750000,7034.685511
48800000,7079.042626
48850000,7126.832190
48900000,7019.080898
48950000,6916.935784
49000000,6983.194610
49050000,6929.122384
49100000,6827.657249
49150000,6887.262864
49200000,6850.825000
49250000,6869.420282
49300000,7075.339812
49350000,7103.065115
49400000,7072.351316
49450000,7076.115809
49500000,7003.486294
49550000,7043.197623
49600000,6969.195058
49650000,6996.420165
49700000,7061.138205
49750000,6980.346258
49800000,6957.109414
49850000,6894.422585
49900000,6994.932132
49950000,7113.868554
50000000,7085.380901
50050000,7201.236192
50100000,7217.262007
50150000,7211.725456
50200000,7289.032776
50250000,7117.821112
50300000,7103.533632
50350000,7047.908054
50400000,7124.183459
50450000,7135.885286
50500000,7155.123596
50550000,7254.258454
50600000,7115.737986
50650000,7121.627503
50700000,7163.364910
50750000,7221.225367
50800000,7310.486971
50850000,7254.332999
50900000,7286.907223
50950000,7308.838411
51000000,7259.783031
51050000,7103.009783
51100000,7110.866947
51150000,7092.436862
51200000,7112.805025
51250000,7088.738628
51300000,7186.156671
51350000,7107.429812
51400000,7165.521560
51450000,7066.041437
51500000,7024.558157
51550000,7045.512760
51600000,7261.967523
51650000,7189.010189
51700000,7153.823780
51750000,7136.356554
51800000,7211.922039
51850000,7199.418374
51900000,7217.486494
51950000,7257.305507
52000000,7243.066830
52050000,7128.633490
52100000,7235.499228
52150000,7234.747711
52200000,7154.972179
52250000,7098.784583
52300000,7132.556680
52350000,7240.801246
52400000,7202.037101
52450000,7177.942131
52500000,7243.424267
52550000,7202.273016
52600000,7094.196635
52650000,7106.029638
52700000,7159.596654
52750000,7093.118081
52800000,7207.510281
52850000,7233.690620
52900000,7114.292626
52950000,7131.255204
53000000,7161.276426
53050000,7257.976447
53100000,7211.389297
53150000,7049.707157
53200000,7178.051320
53250000,6989.294291
53300000,7261.979208
53350000,7220.793758
53400000,7299.951400
53450000,7141.692231
53500000,7276.462226
53550000,7136.824809
53600000,7126.279123
53650000,7087.525628
53700000,7060.373807
53750000,7057.955625
53800000,7024.399693
53850000,7078.369296
53900000,7177.395409
53950000,7122.415184
54000000,7135.466467
54050000,7067.187649
54100000,7083.127988
54150000,7129.631286
54200000,7082.219524
54250000,6960.834372
54300000,6940.040805
54350000,6787.631924
54400000,6760.980288
54450000,6856.500982
54500000,6873.606620
54550000,6877.571999
54600000,6830.704593
54650000,6793.550500
54700000,6802.240767
54750000,6867.461916
54800000,6753.643588
54850000,6827.965476
54900000,6786.378413
54950000,6850.281341
55000000,6776.095778
55050000,6798.251840
55100000,6868.310989
55150000,6778.031669
55200000,6816.891627
55250000,6980.263319
55300000,6870.746557
55350000,6874.442180
55400000,6952.262153
55450000,6963.957815
55500000,6925.329240
55550000,7020.331434
55600000,6927.876451
55650000,6864.572161
55700000,6744.416017
55750000,6808.583150
55800000,6718.961640
55850000,6922.059149
55900000,6866.399039
55950000,6867.894551
56000000,6943.341207
56050000,6806.414278
56100000,6806.216601
56150000,6811.195694
56200000,6820.836143
56250000,6938.526457
56300000,6851.040166
56350000,6772.625823
56400000,6865.908399
56450000,6873.158699
56500000,6996.127412
56550000,6924.731590
56600000,6950.676445
56650000,6785.484609
56700000,6727.071542
56750000,6801.590956
56800000,6580.018959
56850000,6540.113067
56900000,6619.667343
56950000,6450.092105
57000000,6452.155397
57050000,6161.288384
57100000,6253.948537
57150000,6283.397350
57200000,6124.077346
57250000,6158.977458
57300000,6208.253126
57350000,6267.302392
57400000,6293.246925
57450000,6177.735417
57500000,6183.773371
57550000,6414.304773
57600000,6322.023458
57650000,6332.220248
57700000,6300.031341
57750000,6362.283357
57800000,6344.711867
57850000,6465.155570
57900000,6423.085251
57950000,6443.221696
58000000,6401.864418
58050000,6286.592806
58100000,6440.792464
58150000,6464.593849
58200000,6276.111521
58250000,6401.561750
58300000,6388.603573
58350000,6274.495915
58400000,6315.550045
58450000,6392.963862
58500000,6249.515754
58550000,6287.259942
58600000,6289.453317
58650000,6536.825745
58700000,6439.407240
58750000,6461.750855
58800000,6392.198212
58850000,6507.943916
58900000,6469.473787
58950000,6376.430343
59000000,6305.530155
59050000,6304.100029
59100000,6346.078999
59150000,6417.182815
59200000,6359.345724
59250000,6388.595035
59300000,6425.932592
59350000,6559.517670
59400000,6576.185581
59450000,6419.994993
59500000,6415.983098
59550000,6410.792267
59600000,6378.874340
59650000,6372.780489
59700000,6436.098762
59750000,6342.396256
59800000,6275.930515
59850000,6309.819482
59900000,6248.796806
59950000,6126.395991
60000000,6122.671401
60050000,6108.478434
60100000,6232.687284
60150000,6035.925931
60200000,6117.519757
60250000,6159.585281
60300000,6331.883811
60350000,6198.127154
60400000,6114.702429
60450000,6134.900426
60500000,6060.038445
60550000,6151.653370
60600000,6189.188517
60650000,6237.069108
60700000,6242.005081
60750000,6223.390666
60800000,6246.622713
60850000,6216.632990
60900000,6094.704036
60950000,6006.957625
61000000,5819.479323
61050000,5710.631225
61100000,5774.155382
61150000,5784.412972
61200000,5795.977938
61250000,5791.626109
61300000,5832.609150
61350000,5960.473872
61400000,6008.125444
61450000,5909.098389
61500000,6080.036737
61550000,6040.272182
61600000,6065.739635
61650000,5926.128640
61700000,5995.115300
61750000,6004.069619
61800000,5962.909668
61850000,5956.869051
61900000,5895.417849
61950000,6062.188954
62000000,5962.885646
62050000,6016.722997
62100000,5995.755012
62150000,5939.372958
62200000,5908.916404
62250000,5833.705118
62300000,5797.142992
62350000,5800.832442
62400000,5798.978362
62450000,5793.437606
62500000,5755.567936
62550000,5763.481850
62600000,5876.607862
62650000,5845.479955
62700000,5833.594518
62750000,5689.163665
62800000,5675.091256
62850000,5681.638984
62900000,5775.321174
62950000,5796.101063
63000000,5766.712541
63050000,5660.753775
63100000,5649.995937
63150000,5671.219935
63200000,5738.329749
63250000,5755.345653
63300000,5765.541735
63350000,5728.933571
63400000,5681.405682
63450000,5840.542941
63500000,5961.529620
63550000,5877.089592
63600000,5725.737703
63650000,5809.532936
63700000,5803.131517
63750000,5876.215588
63800000,5777.165312
63850000,5920.077844
63900000,5993.619010
63950000,5914.015055
64000000,5823.943956
64050000,5903.963293
64100000,6034.106417
64150000,6132.267072
64200000,6088.059901
64250000,6064.912167
64300000,6078.385937
64350000,6018.932342
64400000,5967.673052
64450000,5983.064780
64500000,6046.887953
64550000,5913.000210
64600000,5959.552544
64650000,5892.696718
64700000,5988.320985
64750000,5892.982136
64800000,6050.153888
64850000,6172.721046
64900000,6195.583904
64950000,6148.700657
65000000,6078.870390
65050000,6029.912703
65100000,6036.415063
65150000,6174.083547
65200000,6233.957898
65250000,6227.051730
65300000,6149.808933
65350000,6184.940493
65400000,6223.612539
65450000,6246.652290
65500000,6335.008049
65550000,6414.119521
65600000,6258.806570
65650000,6201.670518
65700000,6226.059442
65750000,6192.318894
65800000,6375.912273
65850000,6293.698852
65900000,6330.913923
65950000,6461.361172
66000000,6338.246215
66050000,6416.654707
66100000,6533.308683
66150000,6458.137462
66200000,6401.033980
66250000,6545.751012
66300000,6445.348709
66350000,6423.014415
66400000,6351.961078
66450000,6438.168873
66500000,6465.804183
66550000,6414.021678
66600000,6388.189787
66650000,6529.472176
66700000,6618.005871
66750000,6706.050259
66800000,6702.345475
66850000,6599.885509
66900000,6566.838547
66950000,6590.899381
67000000,6579.702486
67050000,6523.927511
67100000,6547.356072
67150000,6441.059416
67200000,6619.104124
67250000,6694.323729
67300000,6634.702986
67350000,6612.194535
67400000,6709.329533
67450000,6641.945441
67500000,6549.229548
67550000,6536.946818
67600000,6419.857604
67650000,6527.754668
67700000,6389.653444
67750000,6396.769092
67800000,6494.031131
67850000,6579.480819
67900000,6613.345936
67950000,6430.119677
68000000,6467.286121
68050000,6389.934617
68100000,6365.167916
68150000,6292.140121
68200000,6426.114426
68250000,6448.725219
68300000,6465.513905
68350000,6357.565802
68400000,6378.526568
68450000,6353.306497
68500000,6336.383830
68550000,6358.305310
68600000,6315.684492
68650000,6332.262039
68700000,6250.583277
68750000,6303.015813
68800000,6320.755821
68850000,6403.274699
68900000,6381.930067
68950000,6418.988285
69000000,6395.272530
69050000,6391.259433
69100000,6349.889462
69150000,6493.061763
69200000,6382.747250
69250000,6385.050044
69300000,6428.840155
69350000,6386.103293
69400000,6486.049517
69450000,6438.130782
69500000,6533.721290
69550000,6557.879331
69600000,6576.195049
69650000,6671.805123
69700000,6605.200804
69750000,6711.726612
69800000,6678.129810
69850000,6636.016094
69900000,6464.667198
69950000,6382.961877
70000000,6354.909216
70050000,6354.081346
70100000,6347.080590
70150000,6434.248241
70200000,6428.089962
70250000,6370.900098
70300000,6459.065812
70350000,6573.661879
70400000,6641.596127
70450000,6586.101164
70500000,6676.865485
70550000,6515.089508
70600000,6490.202186
70650000,6567.775284
70700000,6561.323496
70750000,6540.159633
70800000,6428.232795
70850000,6577.365607
70900000,6489.973417
70950000,6567.918744
71000000,6506.215940
71050000,6685.672099
71100000,6615.924501
71150000,6653.340060
71200000,6508.667098
71250000,6443.693619
71300000,6493.528582
71350000,6603.693615
71400000,6729.100606
71450000,6613.444229
71500000,6629.536853
71550000,6827.644557
71600000,6634.783853
71650000,6532.946331
71700000,6575.254815
71750000,6550.995160
71800000,6668.861791
71850000,6661.302670
71900000,6616.003271
71950000,6750.553762
72000000,6862.103813
72050000,6764.143470
72100000,6787.108096
72150000,6895.067025
72200000,6788.015832
72250000,6667.989680
72300000,6619.892015
72350000,6667.225635
72400000,6764.808486
72450000,6716.841943
72500000,6814.633507
72550000,6658.417325
72600000,6684.471595
72650000,6731.746319
72700000,6690.642886
72750000,6719.352868
72800000,6727.091360
72850000,6638.556620
72900000,6666.249632
72950000,6629.373297
73000000,6659.121553
73050000,6711.178683
73100000,6716.591718
73150000,6602.221130
73200000,6721.856886
73250000,6841.313406
73300000,6891.581671
73350000,6666.520457
73400000,6795.923698
73450000,6857.909288
73500000,6887.657291
73550000,6941.196950
73600000,6794.551670
73650000,6832.382423
73700000,6971.715386
73750000,7013.843965
73800000,6990.436907
73850000,6825.266941
73900000,6652.349074
73950000,6613.127625
74000000,6585.977441
74050000,6541.540373
74100000,6422.486433
74150000,6338.138096
74200000,6442.124070
74250000,6452.341408
74300000,6426.348345
74350000,6392.181942
74400000,6483.860512
74450000,6517.383685
74500000,6519.323231
74550000,6527.414326
74600000,6635.774875
74650000,6579.343729
74700000,6496.056295
74750000,6435.158304
74800000,6496.934230
74850000,6550.746437
74900000,6536.418401
74950000,6542.764494
75000000,6481.025542
75050000,6390.123268
75100000,6391.674191
75150000,6281.165566
75200000,6368.685487
75250000,6388.028908
75300000,6449.370020
75350000,6330.569916
75400000,6263.827520
75450000,6206.580273
75500000,6174.762326
75550000,6249.901994
75600000,6233.947001
75650000,6209.742042
75700000,6153.361675
75750000,6165.271211
75800000,6174.572628
75850000,6227.640780
75900000,6220.982792
75950000,6072.174089
76000000,5990.261596
76050000,6120.997083
76100000,5985.491329
76150000,6135.880329
76200000,6120.589949
76250000,6245.508658
76300000,6183.690493
76350000,6283.770411
76400000,6175.607892
76450000,6211.794950
76500000,6292.038532
76550000,6356.425893
76600000,6422.469470
76650000,6312.234800
76700000,6374.537132
76750000,6318.733199
76800000,6261.527558
76850000,6209.232038
76900000,6139.146097
76950000,6113.288277
77000000,6186.658792
77050000,6213.608306
77100000,6249.943663
77150000,6236.945728
77200000,6056.398677
77250000,6004.438977
77300000,5885.400649
77350000,5810.584118
77400000,5674.190527
77450000,5979.607871
77500000,5922.990786
77550000,5913.075973
77600000,5767.668808
77650000,5702.312219
77700000,5821.247480
77750000,5865.539215
77800000,6018.113611
77850000,6027.777550
77900000,5865.714477
77950000,5821.780632
78000000,5934.747151
78050000,5989.323642
78100000,6034.408494
78150000,6053.370230
78200000,5973.379423
78250000,5908.150687
78300000,5769.840771
78350000,5620.582339
78400000,5764.055219
78450000,5773.482996
78500000,5777.361423
78550000,5941.971002
78600000,6074.319655
78650000,6111.597642
78700000,6261.622617
78750000,6329.379288
78800000,6379.358940
78850000,6368.350310
78900000,6278.464436
78950000,6127.373989
79000000,6282.913931
79050000,6096.786937
79100000,6163.918083
79150000,6115.120427
79200000,6158.725379
79250000,6192.625458
79300000,6168.495524
79350000,6225.632830
79400000,6130.863439
79450000,6106.384187
79500000,6089.221742
79550000,6080.661291
79600000,6041.456452
79650000,6081.202339
79700000,5990.367725
79750000,6009.658365
79800000,6133.289042
79850000,6197.859762
79900000,6235.849529
79950000,6221.188207
80000000,6088.890217
80050000,6014.663505
80100000,6027.712531
80150000,6006.874671
80200000,6003.390378
80250000,6081.855478
80300000,6065.219951
80350000,6145.697844
80400000,6154.427747
80450000,6236.027959
80500000,6372.885078
80550000,6385.078223
80600000,6398.858388
80650000,6452.614170
80700000,6434.253107
80750000,6367.174127
80800000,6434.472437
80850000,6406.914486
80900000,6492.261681
80950000,6452.722354
81000000,6588.116014
81050000,6698.047520
81100000,6660.805107
81150000,6659.180865
81200000,6794.349386
81250000,6907.540679
81300000,6848.131667
81350000,6874.761819
81400000,6861.599646
81450000,6639.995402
81500000,6631.189320
81550000,6588.195067
81600000,6481.462889
81650000,6553.885734
81700000,6460.503565
81750000,6651.777051
81800000,6523.823990
81850000,6509.176922
81900000,6532.069739
81950000,6429.942170
82000000,6456.861060
82050000,6408.736627
82100000,6345.074811
82150000,6518.624214
82200000,6641.149566
82250000,6679.824955
82300000,6751.167953
82350000,6791.335628
82400000,6770.773983
82450000,6603.941046
82500000,6564.611833
82550000,6578.215258
82600000,6759.287817
82650000,6861.032957
82700000,6688.609412
82750000,6743.599481
82800000,6765.671638
82850000,6776.458897
82900000,6956.198604
82950000,6979.254857
83000000,6925.471458
83050000,7010.375338
83100000,6962.915384
83150000,7010.523039
83200000,6680.799857
83250000,6831.523713
83300000,6902.768609
83350000,6904.119213
83400000,6933.741538
83450000,7048.525483
83500000,6973.764080
83550000,6919.966553
83600000,6908.666859
83650000,6843.358364
83700000,7001.094449
83750000,6908.915815
83800000,6992.551368
83850000,7032.972502
83900000,7026.051076
83950000,6998.419275
84000000,7102.061052
84050000,7037.664997
84100000,6883.802643
84150000,6720.257480
84200000,6948.993214
84250000,7003.774013
84300000,6918.808198
84350000,6843.155944
84400000,6776.575008
84450000,6902.811805
84500000,6847.881710
84550000,6991.491355
84600000,6991.404204
84650000,7059.315584
84700000,6946.417175
84750000,6975.698668
84800000,6978.414079
84850000,7043.124240
84900000,6919.617929
84950000,7106.364795
85000000,6911.159994
85050000,6844.652982
85100000,6881.324157
85150000,6962.395249
85200000,6935.428889
85250000,7090.010669
85300000,6875.705229
85350000,6980.522962
85400000,7141.378972
85450000,7142.064862
85500000,7204.045794
85550000,7181.110977
85600000,7055.655752
85650000,6964.533326
85700000,7021.802223
85750000,6918.016187
85800000,6991.572743
85850000,7001.855983
85900000,6856.087095
85950000,7065.270084
86000000,7018.556115
86050000,7048.553241
86100000,6919.145583
86150000,6796.566546
86200000,6926.739229
86250000,6947.079697
86300000,6842.449953
86350000,6861.398670
86400000,6967.923015
86450000,6806.257458
86500000,6877.894567
86550000,6963.134345
86600000,7084.878731
86650000,7162.384812
86700000,7300.045289
86750000,7239.268719
86800000,7325.112068
86850000,7123.466021
86900000,7038.980563
86950000,7161.384371
87000000,7169.391484
87050000,7041.460806
87100000,7073.780135
87150000,6974.616814
87200000,6916.935022
87250000,6885.377015
87300000,7157.864468
87350000,7040.632413
87400000,6999.763022
87450000,6835.532592
87500000,6755.103437
87550000,6825.687268
87600000,6990.593301
87650000,7023.320994
87700000,7013.932858
87750000,6944.300945
87800000,6909.643439
87850000,7076.519296
87900000,7165.594526
87950000,7428.711046
88000000,7414.959858
88050000,7277.057444
88100000,7296.765789
88150000,7308.407717
88200000,7374.299612
88250000,7329.300030
88300000,7246.419037
88350000,7324.097401
88400000,7349.057530
88450000,7190.373223
88500000,7375.216423
88550000,7389.796774
88600000,7105.230336
88650000,7121.061129
88700000,7272.525120
88750000,7221.778645
88800000,7099.422793
88850000,7124.330658
88900000,7121.961253
88950000,7150.260868
89000000,7262.999252
89050000,7249.547693
89100000,7454.938265
89150000,7411.176662
89200000,7457.897627
89250000,7483.401251
89300000,7289.268361
89350000,7208.553097
89400000,7236.252181
89450000,7140.338698
89500000,7252.400581
89550000,7146.878884
89600000,7068.702459
89650000,7272.335837
89700000,7269.985509
89750000,7319.276431
89800000,7212.195193
89850000,7393.140094
89900000,7202.610239
89950000,7036.075839
90000000,7024.998006
90050000,6954.926276
90100000,7059.872642
90150000,6900.843340
90200000,6873.473309
90250000,6941.553531
90300000,6855.597907
90350000,7038.164028
90400000,6983.511663
90450000,6996.416179
90500000,6940.121686
90550000,7071.422759
90600000,7153.028573
90650000,7176.701609
90700000,7260.649947
90750000,7130.766249
90800000,7199.997513
90850000,7210.375311
90900000,7285.623550
90950000,6964.673782
91000000,6859.045640
91050000,6851.161884
91100000,6946.318755
91150000,6905.088552
91200000,6975.438257
91250000,6922.337165
91300000,7014.163561
91350000,6885.890879
91400000,6727.294057
91450000,6654.480507
91500000,6832.166093
91550000,6915.747446
91600000,7066.518694
91650000,6995.869890
91700000,7084.002207
91750000,6960.921828
91800000,6934.910423
91850000,6974.381281
91900000,7111.622356
91950000,6937.746890
92000000,6813.316289
92050000,6839.284549
92100000,6921.448363
92150000,6851.950431
92200000,6944.092504
92250000,6742.064131
92300000,6789.269087
92350000,6742.472319
92400000,6631.617377
92450000,6599.232024
92500000,6761.039640
92550000,6765.336702
92600000,6747.681364
92650000,6789.737144
92700000,6804.547669
92750000,6797.759555
92800000,6692.037540
92850000,6733.332325
92900000,6786.806013
92950000,6762.506298
93000000,6774.838891
93050000,6648.665092
93100000,6577.303111
93150000,6633.828590
93200000,6802.901587
93250000,6908.953252
93300000,6866.876539
93350000,6871.681023
93400000,6922.477811
93450000,6777.410043
93500000,6774.343941
93550000,6790.332679
93600000,6970.463823
93650000,6928.781026
93700000,7047.149087
93750000,6992.906403
93800000,6765.474750
93850000,6805.748991
93900000,6817.725681
93950000,6808.704596
94000000,6863.856836
94050000,6994.731113
94100000,7161.934941
94150000,7148.274133
94200000,7127.362947
94250000,7109.804731
94300000,7135.523830
94350000,7093.266771
94400000,6973.678283
94450000,7004.507655
94500000,6999.868817
94550000,6934.612329
94600000,7033.729219
94650000,6926.754141
94700000,7023.360930
94750000,6983.571551
94800000,7112.529583
94850000,7073.148857
94900000,6953.367173
94950000,6889.565068
95000000,6837.006872
95050000,6842.164223
95100000,6780.518821
95150000,6860.033540
95200000,6844.376512
95250000,6940.803750
95300000,7029.659282
95350000,6867.356391
95400000,6837.882628
95450000,6855.065430
95500000,6873.943002
95550000,6853.737611
95600000,7033.336012
95650000,7094.424688
95700000,6934.123301
95750000,6859.011499
95800000,6810.669881
95850000,6934.693202
95900000,6894.740380
95950000,6715.921459
96000000,6809.194084
96050000,6922.484812
96100000,6970.667791
96150000,6952.116662
96200000,7121.830727
96250000,7071.005576
96300000,7115.756467
96350000,7109.101538
96400000,7021.562656
96450000,7097.104137
96500000,6970.467855
96550000,7208.502204
96600000,6972.725262
96650000,6852.793838
96700000,6853.084580
96750000,6972.980693
96800000,6764.006554
96850000,6893.935179
96900000,6962.562507
96950000,6849.125329
97000000,6880.853722
97050000,6643.505087
97100000,6573.969051
97150000,6460.109787
97200000,6704.942018
97250000,6671.201551
97300000,6344.144359
97350000,6424.835814
97400000,6619.751636
97450000,6549.210070
97500000,6613.086254
97550000,6574.040644
97600000,6354.847122
97650000,6512.892915
97700000,6556.630706
97750000,6499.496726
97800000,6549.213240
97850000,6561.531932
97900000,6544.466135
97950000,6334.468858
98000000,6326.470818
98050000,6330.818444
98100000,6305.763893
98150000,6401.506863
98200000,6445.318864
98250000,6352.595611
98300000,6574.837450
98350000,6486.561495
98400000,6457.638858
98450000,6436.468276
98500000,6499.779548
98550000,6388.718845
98600000,6545.367390
98650000,6565.327784
98700000,6520.024329
98750000,6553.864103
98800000,6558.647643
98850000,6646.849339
98900000,6586.289564
98950000,6475.517124
99000000,6570.776680
99050000,6575.122958
99100000,6441.310968
99150000,6369.434399
99200000,6414.304696
99250000,6467.933435
99300000,6581.062989
99350000,6555.444003
99400000,6553.620356
99450000,6602.495025
99500000,6624.224293
99550000,6670.393447
99600000,6797.987576
99650000,6865.952533
99700000,6840.055973
99750000,6760.606422
99800000,6775.469430
99850000,7064.212944
99900000,6979.649988
99950000,7103.111874
100000000,7066.430350
100050000,7121.855782
100100000,7299.581040
100150000,7244.510687
100200000,7173.529488
100250000,7133.347002
100300000,7161.419864
100350000,7226.074403
100400000,7305.432694
100450000,7088.265830
100500000,6984.840005
100550000,7013.840236
100600000,6895.461068
100650000,6958.077834
100700000,7082.560867
100750000,6941.447379
100800000,7036.484500
100850000,6955.184200
100900000,7079.406599
100950000,7091.784674
101000000,7205.540360
101050000,7368.292802
101100000,7198.644816
101150000,7239.453478
101200000,7312.178477
101250000,7314.205793
101300000,7196.066498
101350000,7287.500378
101400000,7048.132256
101450000,7243.860251
101500000,7136.927427
101550000,7188.638809
101600000,7187.570556
101650000,7405.364628
101700000,7346.659693
101750000,7362.189500
101800000,7455.248795
101850000,7531.423215
101900000,7524.037744
101950000,7577.821325
102000000,7789.258445
102050000,7569.854728
102100000,7655.731218
102150000,7685.884315
102200000,7660.168919
102250000,7827.102672
102300000,7694.612573
102350000,7782.082120
102400000,7952.959689
102450000,7881.044860
102500000,7801.363927
102550000,7854.058935
102600000,7915.903976
102650000,7898.010925
102700000,8040.735069
102750000,8034.049495
102800000,7825.654166
102850000,7910.448920
102900000,7885.446710
102950000,7798.504932
103000000,7721.270569
103050000,7844.250085
103100000,7746.614302
103150000,7823.817160
103200000,7661.639673
103250000,7631.939327
103300000,7800.884217
103350000,7671.629418
103400000,7752.385558
103450000,7656.644659
103500000,7496.548812
103550000,7507.139551
103600000,7564.762161
103650000,7643.871306
103700000,7590.067260
103750000,7581.362000
103800000,7555.961305
103850000,7554.520835
103900000,7471.142229
103950000,7589.169103
104000000,7649.518260
104050000,7461.136673
104100000,7586.472425
104150000,7561.041991
104200000,7599.132654
104250000,7705.970896
104300000,7550.044697
104350000,7408.069859
104400000,7239.661169
104450000,7164.187724
104500000,7219.174238
104550000,7217.225032
104600000,7136.893453
104650000,7006.438318
104700000,6996.991666
104750000,7020.284450
104800000,6948.936349
104850000,7019.473868
104900000,7081.959802
104950000,7062.774184
105000000,7044.250262
105050000,7191.160358
105100000,7168.269861
105150000,7183.723125
105200000,7213.745186
105250000,7220.001574
105300000,7159.136755
105350000,7334.765093
105400000,7482.201365
105450000,7526.952367
105500000,7480.359606
105550000,7468.855084
105600000,7372.799893
105650000,7212.953421
105700000,7103.716494
105750000,7114.581039
105800000,7182.751861
105850000,7162.772297
105900000,7170.391441
105950000,7222.783277
106000000,7293.725169
106050000,7304.584550
106100000,7287.651769
106150000,7335.540291
106200000,7313.337410
106250000,7353.384859
106300000,7258.416031
106350000,7407.354610
106400000,7213.183331
106450000,7139.990988
106500000,7270.283242
106550000,7323.496827
106600000,7344.495919
106650000,7519.305881
106700000,7396.040651
106750000,7306.082142
106800000,7366.960921
106850000,7183.428890
106900000,7245.072594
106950000,7163.245611
107000000,7216.504446
107050000,7259.260534
107100000,7502.223158
107150000,7604.396157
107200000,7678.059971
107250000,7783.556898
107300000,7869.107930
107350000,7882.363260
107400000,7994.821688
107450000,8046.676852
107500000,8114.952632
107550000,8035.927470
107600000,8017.434953
107650000,7920.608964
107700000,8305.242386
107750000,8221.506410
107800000,8218.182358
107850000,8299.565688
107900000,8348.158294
107950000,8485.073277
108000000,8355.676045
108050000,8593.955159
108100000,8440.631603
108150000,8386.876319
108200000,8316.472307
108250000,8272.862763
108300000,8129.313432
108350000,8313.127665
108400000,8241.731616
108450000,8168.237036
108500000,8322.169749
108550000,8385.522534
108600000,8590.863618
108650000,8382.288792
108700000,8432.649616
108750000,8554.072103
108800000,8555.284480
108850000,8565.709502
108900000,8700.056945
108950000,8759.576816
109000000,8550.379224
109050000,8685.320469
109100000,8637.726208
109150000,8678.336032
109200000,8631.677215
109250000,8626.714641
109300000,8424.420304
109350000,8572.056979
109400000,8502.576469
109450000,8367.677346
109500000,8457.336898
109550000,8413.108057
109600000,8305.733186
109650000,8435.755119
109700000,8441.299643
109750000,8634.772125
109800000,8614.888642
109850000,8357.939874
109900000,8352.129644
109950000,8197.729673
110000000,8212.225431
110050000,8213.315300
110100000,8158.419843
110150000,8127.391782
110200000,8227.577950
110250000,8144.552348
110300000,8215.010202
110350000,8117.586933
110400000,7948.171054
110450000,7993.819239
110500000,7984.077938
110550000,8171.371860
110600000,8122.795760
110650000,8257.125739
110700000,8190.414598
110750000,8177.814461
110800000,8246.251574
110850000,8308.195408
110900000,8274.892011
110950000,8246.935314
111000000,8097.736273
111050000,8026.205604
111100000,8017.729908
111150000,8113.387477
111200000,8050.660816
111250000,8126.641744
111300000,8113.132383
111350000,8161.823583
111400000,8109.352099
111450000,8197.235842
111500000,8174.974958
111550000,8145.825119
111600000,8130.567739
111650000,8022.874095
111700000,8030.526582
111750000,8090.870224
111800000,8013.908436
111850000,7954.541229
111900000,7849.075375
111950000,7906.876766
112000000,7855.190417
112050000,7880.984630
112100000,7784.349355
112150000,7810.897953
112200000,7874.719532
112250000,7826.501865
112300000,7762.769554
112350000,7847.177810
112400000,7799.145269
112450000,7814.625491
112500000,7781.589055
112550000,7635.433825
112600000,7894.320458
112650000,7718.294410
112700000,7820.607784
112750000,7798.544502
112800000,7866.220130
112850000,7825.358755
112900000,7698.464444
112950000,7639.520300
113000000,7601.181369
113050000,7551.219468
113100000,7501.514425
113150000,7442.818960
113200000,7433.785801
113250000,7428.917017
113300000,7393.186539
113350000,7303.420934
113400000,7322.393691
113450000,7326.259636
113500000,7281.120097
113550000,7287.135710
113600000,7238.445806
113650000,7445.539703
113700000,7440.527511
113750000,7151.845914
113800000,7226.045426
113850000,7379.953041
113900000,7378.801514
113950000,7250.115081
114000000,7345.248544
114050000,7333.501332
114100000,7174.967874
114150000,7130.883957
114200000,7265.771222
114250000,7340.338128
114300000,7391.109469
114350000,7488.094096
114400000,7560.684946
114450000,7470.747349
114500000,7402.574435
114550000,7542.861302
114600000,7536.096702
114650000,7715.778942
114700000,7644.700714
114750000,7766.028875
114800000,7727.913202
114850000,7815.867473
114900000,7750.719989
114950000,7675.506791
115000000,7716.483194
115050000,7682.038465
115100000,7800.067062
115150000,7709.091709
115200000,7624.267590
115250000,7723.662293
115300000,7679.852110
115350000,7557.082117
115400000,7513.720221
115450000,7476.753329
115500000,7472.354596
115550000,7394.842059
115600000,7453.900192
115650000,7385.230477
115700000,7261.579948
115750000,7339.362612
115800000,7423.337943
115850000,7347.616156
115900000,7484.316083
115950000,7462.717723
116000000,7405.299288
116050000,7397.987966
116100000,7645.271360
116150000,7649.576903
116200000,7547.594454
116250000,7540.954776
116300000,7665.454498
116350000,7609.496284
116400000,7629.419814
116450000,7707.821389
116500000,7714.499405
116550000,7748.337423
116600000,7804.690971
116650000,7800.198030
116700000,7758.742572
116750000,7900.530425
116800000,7918.246472
116850000,7786.118893
116900000,7840.176959
116950000,7836.929806
117000000,7717.081088
117050000,7719.260568
117100000,7783.303727
117150000,7772.342807
117200000,7625.607292
117250000,7637.935451
117300000,7644.275637
117350000,7768.781588
117400000,7729.428631
117450000,7695.397097
117500000,7812.264908
117550000,7714.997354
117600000,7673.513509
117650000,7905.881318
117700000,7749.633472
117750000,7615.485275
117800000,7723.131193
117850000,7734.599842
117900000,7645.268870
117950000,7813.225267
118000000,7843.201738
118050000,7784.734097
118100000,7868.717053
118150000,7899.246419
118200000,7869.523328
118250000,7950.845297
118300000,8032.620493
118350000,8087.237174
118400000,7939.764325
118450000,7821.744149
118500000,7954.774092
118550000,7850.881356
118600000,7755.146377
118650000,7790.162521
118700000,7902.438405
118750000,7977.303347
118800000,7917.686002
118850000,7955.257867
118900000,8084.940327
118950000,8210.052961
119000000,8258.251383
119050000,8219.367077
119100000,8372.285517
119150000,8120.615639
119200000,8068.317038
119250000,8058.602470
119300000,7981.736888
119350000,7987.479793
119400000,8098.900661
119450000,8069.571450
119500000,7948.228136
119550000,7795.882351
119600000,7939.212164
119650000,7984.465560
119700000,8088.123440
119750000,8113.953561
119800000,8138.816107
119850000,8176.127848
119900000,8093.543905
119950000,8031.368601
120000000,7882.293066
120050000,7951.175417
120100000,7895.092360
120150000,7782.026519
120200000,7838.583957
120250000,7712.056510
120300000,7600.631823
120350000,7583.002968
120400000,7652.701719
120450000,7621.458938
120500000,7723.632707
120550000,7644.901449
120600000,7738.217275
120650000,7736.923503
120700000,7793.116630
120750000,7759.527070
120800000,7775.365348
120850000,7837.275867
120900000,7852.870726
120950000,7795.806376
121000000,7807.506935
121050000,7805.763310
121100000,7666.177245
121150000,7645.579654
121200000,7705.322878
121250000,7619.672093
121300000,7714.956486
121350000,7880.955379
121400000,7862.209313
121450000,7893.910605
121500000,7832.571210
121550000,7858.192374
121600000,7886.392746
121650000,7839.425336
121700000,7828.502591
121750000,7878.152210
121800000,7857.333775
121850000,7818.048004
121900000,7898.162641
121950000,7918.835922
122000000,7799.503485
122050000,7784.191225
122100000,7718.172984
122150000,7694.747399
122200000,7688.749160
122250000,7592.439918
122300000,7477.258953
122350000,7543.346241
122400000,7523.352530
122450000,7477.774488
122500000,7462.210972
122550000,7435.614585
122600000,7612.757597
122650000,7783.842865
122700000,7737.527287
122750000,7817.850585
122800000,7816.315683
122850000,7876.547461
122900000,7898.478893
122950000,7909.537697
123000000,7866.571663
123050000,7802.137871
123100000,7670.095048
123150000,7746.818918
123200000,7891.364723
123250000,7884.373449
123300000,7872.930673
123350000,7849.575867
123400000,7700.253864
123450000,7706.394761
123500000,8070.246368
123550000,8006.209223
123600000,7964.820578
123650000,7936.208248
123700000,7866.181138
123750000,7940.833266
123800000,7912.263131
123850000,7801.564828
123900000,7676.109088
123950000,7673.883498
124000000,7771.942412
124050000,7765.512631
124100000,7806.389794
124150000,7923.809849
124200000,7912.194717
124250000,8056.837010
124300000,7977.057423
124350000,7875.270076
124400000,7914.945651
124450000,8088.231358
124500000,8101.404334
124550000,8060.473602
124600000,8100.916950
124650000,8116.818927
124700000,7967.674613
124750000,7750.431900
124800000,7697.127261
124850000,7845.467611
124900000,7881.121934
124950000,8008.304733
125000000,8002.653923
125050000,8058.847796
125100000,8044.214050
125150000,7998.856673
125200000,8137.487966
125250000,8123.237075
125300000,7963.594400
125350000,7905.834417
125400000,7910.869292
125450000,8044.719118
125500000,8077.959866
125550000,8102.872437
125600000,8068.118779
125650000,8047.046338
125700000,8221.019516
125750000,8228.761268
125800000,8000.867811
125850000,8001.030743
125900000,8124.509349
125950000,8120.291900
126000000,8239.354115
126050000,8135.944087
126100000,8240.489223
126150000,8214.583746
126200000,8378.605213
126250000,8434.167224
126300000,8321.489681
126350000,8149.502828
126400000,8327.173836
126450000,8316.472762
126500000,8488.857539
126550000,8415.783287
126600000,8481.143478
126650000,8433.760661
126700000,8355.086825
126750000,8352.990405
126800000,8302.701723
126850000,8311.789581
126900000,8255.828124
126950000,8226.102503
127000000,8307.871275
127050000,8193.741287
127100000,8151.216830
127150000,8118.110912
127200000,8246.127656
127250000,8174.286758
127300000,8015.716156
127350000,7834.678710
127400000,8043.398799
127450000,8140.641091
127500000,8141.488351
127550000,8206.981193
127600000,8015.831132
127650000,8116.121662
127700000,8065.946567
127750000,8027.549950
127800000,8095.055807
127850000,8053.802715
127900000,8097.501052
127950000,8200.993698
128000000,8322.614390
128050000,8362.089856
128100000,8371.545663
128150000,8484.375117
128200000,8513.634979
128250000,8502.649873
128300000,8696.225175
128350000,8700.839314
128400000,8704.573316
128450000,8627.748390
128500000,8724.630935
128550000,8636.366037
128600000,8758.853969
128650000,8581.389609
128700000,8836.112866
128750000,8731.605217
128800000,8828.204055
128850000,8646.852828
128900000,8524.800055
128950000,8587.143728
129000000,8573.175852
129050000,8703.013204
129100000,8640.136004
129150000,8841.613900
129200000,8708.798941
129250000,8839.657637
129300000,8894.512644
129350000,8798.895084
129400000,8933.674239
129450000,8921.875038
129500000,8784.008135
129550000,8713.840034
129600000,8870.542866
129650000,8829.928520
129700000,8980.739465
129750000,8795.609359
129800000,8651.773702
129850000,8748.960175
129900000,8722.246495
129950000,8602.240226
130000000,8738.362441
130050000,8711.863899
130100000,8586.230469
130150000,8587.354130
130200000,8622.066481
130250000,8604.530012
130300000,8745.701193
130350000,8931.683323
130400000,8864.566667
130450000,8867.481670
130500000,8857.465575
130550000,9064.977246
130600000,9082.224842
130650000,9170.106576
130700000,9308.197916
130750000,9358.608357
130800000,9316.540160
130850000,9235.984202
130900000,9274.477495
130950000,9214.260686
131000000,9019.850628
131050000,8937.651531
131100000,9109.110539
131150000,9030.420419
131200000,9025.649291
131250000,8804.732533
131300000,8645.519639
131350000,8659.873549
131400000,8635.085202
131450000,8538.964190
131500000,8356.965295
131550000,8311.537631
131600000,8393.478429
131650000,8443.516149
131700000,8389.012306
131750000,8500.794173
131800000,8467.568995
131850000,8500.475920
131900000,8336.422349
131950000,8460.624427
132000000,8288.042050
132050000,8396.580233
132100000,8421.707513
132150000,8393.346294
132200000,8364.248222
132250000,8436.312289
132300000,8477.081798
132350000,8539.987573
132400000,8516.977700
132450000,8620.605132
132500000,8863.181399
132550000,8693.540873
132600000,8834.285342
132650000,8870.644614
132700000,8995.482210
132750000,8836.486372
132800000,8789.095211
132850000,8597.376374
132900000,8599.976805
132950000,8503.218248
133000000,8527.745153
133050000,8432.481231
133100000,8530.585932
133150000,8721.851491
133200000,8547.804693
133250000,8712.926554
133300000,8741.789713
133350000,8895.461739
133400000,8785.351510
133450000,8707.704383
133500000,8914.820976
133550000,8762.753273
133600000,8876.175087
133650000,8676.598501
133700000,8575.591430
133750000,8677.685853
133800000,8665.535950
133850000,8606.576106
133900000,8412.647225
133950000,8667.718651
134000000,8576.893744
134050000,8665.869778
134100000,8531.397487
134150000,8330.840467
134200000,8220.868794
134250000,8327.121123
134300000,8365.986660
134350000,8454.652880
134400000,8449.165876
134450000,8273.194635
134500000,8310.448863
134550000,8345.849675
134600000,8206.058195
134650000,8208.071307
134700000,8114.578930
134750000,8167.947539
134800000,8095.262269
134850000,8194.350162
134900000,8080.091973
134950000,8255.966678
135000000,8139.315366
135050000,8046.779661
135100000,8067.205150
135150000,8279.774265
135200000,8231.569524
135250000,8320.520738
135300000,8347.585605
135350000,8299.151606
135400000,8217.917871
135450000,8246.347249
135500000,8239.387150
135550000,8472.204782
135600000,8432.916422
135650000,8286.726024
135700000,8266.542232
135750000,7967.798425
135800000,8180.683037
135850000,8123.698281
135900000,8110.789466
135950000,7963.125357
136000000,8038.225380
136050000,8172.748254
136100000,8272.222625
136150000,8266.365305
136200000,8451.555436
136250000,8363.415252
136300000,8440.716716
136350000,8486.056927
136400000,8509.428268
136450000,8560.558844
136500000,8732.629817
136550000,8489.942952
136600000,8555.010877
136650000,8512.747888
136700000,8437.591823
136750000,8493.119517
136800000,8686.227211
136850000,8762.645060
136900000,8715.747760
136950000,8752.668096
137000000,8893.453498
137050000,8613.907503
137100000,8646.527235
137150000,8416.946189
137200000,8369.937955
137250000,8347.022425
137300000,8252.510713
137350000,8215.285529
137400000,8150.537584
137450000,8075.914043
137500000,8195.840726
137550000,8203.662595
137600000,8201.227924
137650000,7981.345991
137700000,7953.319897
137750000,7954.555736
137800000,7950.217715
137850000,7707.603670
137900000,7827.854634
137950000,7673.341331
138000000,7664.095586
138050000,7886.054706
138100000,7906.084325
138150000,7764.686722
138200000,7946.487635
138250000,7884.034877
138300000,7835.468992
138350000,7754.257580
138400000,7546.428225
138450000,7635.099683
138500000,7751.212358
138550000,7956.830622
138600000,7832.202366
138650000,7862.658954
138700000,7976.484181
138750000,8042.782607
138800000,7913.414190
138850000,7742.200220
138900000,7990.943420
138950000,8127.971362
139000000,8118.256848
139050000,8101.204415
139100000,7842.053829
139150000,7824.266703
139200000,7833.770696
139250000,7903.634686
139300000,8123.067171
139350000,8141.928013
139400000,8143.503278
139450000,8081.521532
139500000,8083.795176
139550000,8095.880478
139600000,7984.824290
139650000,8139.104227
139700000,7983.139220
139750000,7940.355964
139800000,7862.322145
139850000,7839.682956
139900000,7937.500398
139950000,8006.645720
140000000,8097.721275
140050000,7856.614329
140100000,7985.804105
140150000,7822.032542
140200000,7905.565006
140250000,8078.259504
140300000,8126.543400
140350000,8028.731030
140400000,8037.699125
140450000,8036.211940
140500000,7944.552898
140550000,7979.488039
140600000,8114.555175
140650000,7899.282110
140700000,7856.544608
140750000,7955.711955
140800000,7739.996640
140850000,7805.324696
140900000,7912.488337
140950000,7911.598947
141000000,8012.640912
141050000,7964.146940
141100000,7890.513562
141150000,7982.239283
141200000,8106.808441
141250000,8181.823780
141300000,8122.317762
141350000,8199.436423
141400000,8135.313642
141450000,8223.844783
141500000,8284.164501
141550000,8345.218292
141600000,8503.947636
141650000,8371.236093
141700000,8440.212509
141750000,8212.226706
141800000,8280.369208
141850000,8239.958851
141900000,8342.205813
141950000,8129.786100
142000000,8123.688444
142050000,8192.191529
142100000,8124.223365
142150000,8063.543899
142200000,8137.505568
142250000,8113.666083
142300000,8072.719333
142350000,8107.407548
142400000,8027.843971
142450000,8039.574786
142500000,8285.815503
142550000,8114.826912
142600000,8365.277721
142650000,8324.118673
142700000,8233.132717
142750000,8343.230464
142800000,8218.091241
142850000,8240.202944
142900000,8151.990329
142950000,8087.825271
143000000,8113.842068
143050000,8170.570883
143100000,8144.492592
143150000,8088.073175
143200000,8135.409979
143250000,8282.733747
143300000,8212.370495
143350000,8035.301682
143400000,8082.073085
143450000,8250.201413
143500000,8351.159622
143550000,8098.352570
143600000,8091.589427
143650000,8168.615852
143700000,8042.090278
143750000,7951.685580
143800000,8137.269937
143850000,8227.475134
143900000,8429.454398
143950000,8342.676496
144000000,8106.242511
144050000,8190.422591
144100000,8083.344432
144150000,7909.150126
144200000,8071.489369
144250000,8194.210150
144300000,8142.800373
144350000,8091.145892
144400000,8180.388636
144450000,8076.954787
144500000,8165.157625
144550000,8168.406147
144600000,8119.472403
144650000,8130.495695
144700000,8256.970964
144750000,8143.131816
144800000,8292.361482
144850000,8308.973175
144900000,8153.443904
144950000,8238.619489
145000000,8142.526039
145050000,8182.668034
145100000,8005.880175
145150000,8036.795900
145200000,7907.073454
145250000,7989.636934
145300000,8083.472063
145350000,8188.205957
145400000,7974.611836
145450000,8017.576210
145500000,7755.523363
145550000,7659.734525
145600000,7577.972789
145650000,7625.658244
145700000,7736.163058
145750000,7753.356583
145800000,7898.129374
145850000,7886.940059
145900000,7899.012599
145950000,7814.929294
146000000,7553.484508
146050000,7631.768860
146100000,7606.058299
146150000,7548.691379
146200000,7626.992108
146250000,7591.942945
146300000,7709.469891
146350000,7685.043825
146400000,7786.192730
146450000,8015.265719
146500000,8206.137410
146550000,8216.491842
146600000,8195.359011
146650000,8320.399792
146700000,8304.130349
146750000,8191.359362
146800000,8113.442115
146850000,8154.474956
146900000,8233.871658
146950000,8402.093774
147000000,8448.419992
147050000,8544.409024
147100000,8628.097853
147150000,8512.307789
147200000,8517.737987
147250000,8413.074494
147300000,8358.319233
147350000,8540.899608
147400000,8365.751991
147450000,8460.174896
147500000,8459.625311
147550000,8525.559467
147600000,8544.959714
147650000,8489.086479
147700000,8372.004224
147750000,8639.689786
147800000,8756.766832
147850000,8758.628659
147900000,8756.848961
147950000,8615.846270
148000000,8605.696990
148050000,8522.215718
148100000,8512.365973
148150000,8441.868581
148200000,8654.005130
148250000,8604.896321
148300000,8642.924176
148350000,8924.241668
148400000,9074.371180
148450000,8995.691587
148500000,8940.759139
148550000,8929.045901
148600000,8972.804526
148650000,9080.626738
148700000,9072.897303
148750000,9056.457961
148800000,9156.567406
148850000,9040.555219
148900000,9082.726961
148950000,9237.634644
149000000,9400.253756
149050000,9463.052842
149100000,9363.972660
149150000,9352.389267
149200000,9347.798958
149250000,9127.698339
149300000,9143.506248
149350000,9219.725904
149400000,9285.983528
149450000,9367.448937
149500000,9444.169304
149550000,9405.243736
149600000,9299.020769
149650000,9639.166655
149700000,9602.800914
149750000,9726.904538
149800000,9591.634897
149850000,9606.697491
149900000,9566.375128
149950000,9404.768448
150000000,9484.977392
150050000,9539.471194
150100000,9651.160062
150150000,9634.042153
150200000,9679.550998
150250000,9921.821495
150300000,9719.572092
150350000,9798.455695
150400000,9673.969267
150450000,9709.658318
150500000,9784.375018
150550000,9853.439622
150600000,9866.633257
150650000,9683.487379
150700000,9894.060980
150750000,9613.133509
150800000,9591.039849
150850000,9711.903968
150900000,9614.769027
150950000,9609.805227
151000000,9548.042841
151050000,9780.701265
151100000,9732.993547
151150000,9666.367681
151200000,9567.973010
151250000,9732.156646
151300000,9627.317604
151350000,9944.516955
151400000,9626.638588
151450000,9753.872230
151500000,9898.657068
151550000,9691.972004
151600000,9663.851010
151650000,9463.550583
151700000,9620.233430
151750000,9772.114770
151800000,9795.628016
151850000,9563.002908
151900000,9749.746562
151950000,9761.319964
152000000,9774.657887
152050000,9815.972998
152100000,9567.723714
152150000,9714.659959
152200000,9839.316666
152250000,9673.808125
152300000,9756.692051
152350000,9665.514011
152400000,9798.475962
152450000,9572.128061
152500000,9684.148022
152550000,9781.595177
152600000,9616.956375
152650000,9652.322544
152700000,9557.557223
152750000,9449.742703
152800000,9656.244575
152850000,9489.121456
152900000,9508.437989
152950000,9622.403410
153000000,9766.336063
153050000,9744.617987
153100000,9680.771061
153150000,9713.722736
153200000,9586.654594
153250000,9524.989376
153300000,9292.160012
153350000,9355.874800
153400000,9377.410398
153450000,9324.750610
153500000,9499.213309
153550000,9479.669581
153600000,9469.387686
153650000,9528.467471
153700000,9502.918958
153750000,9367.727533
153800000,9608.660357
153850000,9715.192749
153900000,9591.952905
153950000,9503.171881
154000000,9459.946956
154050000,9492.006693
154100000,9443.830803
154150000,9329.654957
154200000,9284.338060
154250000,9272.473186
154300000,9403.673702
154350000,9607.206548
154400000,9626.484264
154450000,9763.801920
154500000,9679.842181
154550000,9752.908590
154600000,9631.548276
154650000,9612.759564
154700000,9791.807356
154750000,9770.174836
154800000,9868.170366
154850000,9872.665814
154900000,9997.896559
154950000,10044.757745
155000000,9793.795125
155050000,9724.774307
155100000,9793.054780
155150000,9739.331163
155200000,9811.818710
155250000,9992.900614
155300000,9857.099653
155350000,9758.885990
155400000,9609.344047
155450000,9692.854334
155500000,9696.803495
155550000,9645.483960
155600000,9607.942324
155650000,9550.863765
155700000,9719.294020
155750000,9772.985010
155800000,9786.351998
155850000,9752.179153
155900000,9825.028697
155950000,9619.364740
156000000,9574.461975
156050000,9654.971051
156100000,9701.088221
156150000,9660.511684
156200000,9820.461335
156250000,9795.472748
156300000,9648.927542
156350000,9777.675157
156400000,9920.323986
156450000,10082.303294
156500000,9738.597019
156550000,9626.892629
156600000,9679.466582
156650000,9737.518644
156700000,9790.243680
156750000,9860.937006
156800000,9883.173737
156850000,9925.363251
156900000,9657.535680
156950000,9906.804576
157000000,9858.364749
157050000,9817.402978
157100000,9617.364304
157150000,9885.005261
157200000,9886.198226
157250000,9759.914996
157300000,9920.625628
157350000,10061.324290
157400000,10154.490780
157450000,9974.299109
157500000,10040.036490
157550000,10164.591581
157600000,9880.498639
157650000,9990.724599
157700000,9977.565931
157750000,9862.947819
157800000,9792.840386
157850000,9661.901719
157900000,9822.893069
157950000,9742.973625
158000000,9901.837523
158050000,9941.094568
158100000,10027.620640
158150000,10204.871308
158200000,10034.632507
158250000,10006.183107
158300000,10064.759104
158350000,10084.760268
158400000,9971.611820
158450000,10059.451029
158500000,10056.179691
158550000,9922.727216
158600000,9992.254016
158650000,10038.006219
158700000,9948.218763
158750000,10012.798563
158800000,9932.809442
158850000,9980.492281
158900000,10031.319579
158950000,9970.726167
159000000,9769.441678
159050000,9548.642121
159100000,9930.423295
159150000,9844.670902
159200000,9938.731069
159250000,10062.091527
159300000,9718.647330
159350000,9941.254730
159400000,10023.281118
159450000,10072.097094
159500000,10111.162208
159550000,9952.960619
159600000,9921.060041
159650000,9966.362653
159700000,10122.871184
159750000,9944.850778
159800000,9968.929999
159850000,10157.377715
159900000,10105.665493
159950000,10135.015102
160000000,9948.664052
160050000,10071.103377
160100000,9901.145170
160150000,10072.121255
160200000,9942.997861
160250000,9898.940179
160300000,9887.769430
160350000,10048.405273
160400000,9958.786474
160450000,10123.105798
160500000,9778.987735
160550000,9808.918333
160600000,9979.233027
160650000,9872.740727
160700000,9694.781777
160750000,9584.492644
160800000,9647.371113
160850000,9786.388016
160900000,9725.375107
160950000,9730.110185
161000000,9730.569807
161050000,9507.150188
161100000,9514.698961
161150000,9731.767237
161200000,9827.605893
161250000,9892.027570
161300000,9678.278740
161350000,9530.820691
161400000,9694.008121
161450000,9771.426025
161500000,9640.465359
161550000,9666.973427
161600000,9630.017285
161650000,9707.647001
161700000,9548.761812
161750000,9622.404457
161800000,9468.411851
161850000,9620.403231
161900000,9875.268455
161950000,9868.325602
162000000,9798.053979
162050000,9847.995753
162100000,9896.206246
162150000,9777.452634
162200000,9797.487655
162250000,9797.067365
162300000,9954.102864
162350000,10083.819369
162400000,10143.585709
162450000,10574.820282
162500000,10359.062105
162550000,10415.188847
162600000,10480.876792
162650000,10586.942923
162700000,10498.315037
162750000,10315.179743
162800000,10506.210972
162850000,10586.718367
162900000,10591.917196
162950000,10549.127243
163000000,10685.474191
163050000,10543.267395
163100000,10582.657643
163150000,10762.585723
163200000,10954.227976
163250000,10799.156528
163300000,10586.901792
163350000,10628.198029
163400000,10601.106628
163450000,10648.287787
163500000,10680.784659
163550000,10760.799291
163600000,10671.019404
163650000,10543.468162
163700000,10687.289691
163750000,10600.125721
163800000,10569.228395
163850000,10300.814444
163900000,10523.848077
163950000,10625.828627
164000000,10363.614746
164050000,10469.143218
164100000,10557.120795
164150000,10532.885132
164200000,10499.986897
164250000,10342.755826
164300000,10299.141405
164350000,10208.745077
164400000,10248.315098
164450000,10189.980091
164500000,10430.198485
164550000,10205.553593
164600000,9912.004543
164650000,10070.469749
164700000,10153.561827
164750000,10232.497237
164800000,10188.778093
164850000,10397.602907
164900000,10502.885873
164950000,10699.662925
165000000,10716.378749
165050000,10933.677031
165100000,10970.372510
165150000,11058.620887
165200000,11097.105678
165250000,11069.060928
165300000,11274.062649
165350000,11087.972044
165400000,11053.416126
165450000,10735.415670
165500000,10713.529836
165550000,10786.274392
165600000,10746.464165
165650000,10754.519990
165700000,10577.708855
165750000,10629.110840
165800000,10654.585329
165850000,10540.717643
165900000,10540.831901
165950000,10624.659996
166000000,10790.855185
166050000,10593.854257
166100000,10568.127865
166150000,10435.378580
166200000,10468.856199
166250000,10396.277451
166300000,10305.484327
166350000,10087.537971
166400000,10357.183191
166450000,10043.227310
166500000,10151.144037
166550000,10200.806982
166600000,10150.187841
166650000,10070.308664
166700000,10112.383529
166750000,10103.439890
166800000,9884.362621
166850000,10121.668459
166900000,10192.750595
166950000,10131.600440
167000000,10179.173719
167050000,10298.442071
167100000,10166.181936
167150000,10072.957708
167200000,10000.390805
167250000,10065.702449
167300000,10099.958919
167350000,10050.615735
167400000,9928.169719
167450000,10207.981302
167500000,10121.194155
167550000,9841.823518
167600000,9912.581054
167650000,9999.888640
167700000,10110.052813
167750000,10054.935620
167800000,10300.890587
167850000,10392.785068
167900000,10173.991649
167950000,10019.940908
168000000,10007.121046
168050000,10061.423339
168100000,10058.071852
168150000,10089.755768
168200000,10272.025334
168250000,9997.183413
168300000,10007.726193
168350000,10035.300410
168400000,10034.858682
168450000,10223.250667
168500000,10040.250980
168550000,10201.713669
168600000,10055.024109
168650000,10067.196374
168700000,9970.781028
168750000,9989.039369
168800000,9698.349765
168850000,9800.537852
168900000,9948.506602
168950000,9847.129633
169000000,9806.852288
169050000,9976.204603
169100000,9945.158108
169150000,9975.689540
169200000,9993.330317
169250000,9776.766337
169300000,9799.117921
169350000,10006.523343
169400000,10092.352098
169450000,9973.035336
169500000,9755.874537
169550000,9633.171695
169600000,9728.052587
169650000,9765.336009
169700000,9765.314461
169750000,9909.953006
169800000,10076.337353
169850000,9944.011314
169900000,9873.858381
169950000,9733.903560
170000000,10016.376216
170050000,9807.206233
170100000,9989.417590
170150000,10216.922062
170200000,9875.554235
170250000,9943.680398
170300000,10170.141814
170350000,10229.860168
170400000,10216.988345
170450000,10251.109363
170500000,10288.423162
170550000,10151.679223
170600000,9961.016383
170650000,10083.558543
170700000,10188.236021
170750000,10290.251160
170800000,10175.377037
170850000,10230.339125
170900000,10524.173709
170950000,10553.254936
171000000,10555.609118
171050000,10486.164328
171100000,10633.477588
171150000,10636.619703
171200000,10858.007436
171250000,10723.508045
171300000,10781.978378
171350000,11071.690093
171400000,10934.179716
171450000,11005.284123
171500000,10924.627288
171550000,10956.005475
171600000,11077.188649
171650000,11064.772157
171700000,10902.407553
171750000,11015.285296
171800000,10728.537215
171850000,10892.316417
171900000,10733.242195
171950000,10724.798531
172000000,10676.496576
172050000,10762.013794
172100000,10811.